{"waypoints":[{"x":23.49498731270685,"y":265.4298566678774,"heading":0.0,"type":0},{"x":325.1198244352948,"y":344.16981414830036,"heading":0.0,"type":1},{"x":41.27497771151204,"y":118.10993622063444,"heading":0.0,"type":1},{"x":294.00484123738573,"y":117.47493656353424,"heading":0.0,"type":0}]}