{"waypoints":[{"x":88.89995199402591,"y":62.86496605291833,"heading":0.0,"type":0},{"x":96.51994787922813,"y":62.86496605291833,"heading":0.0,"type":1},{"x":3.1749982855009256,"y":334.00981963469735,"heading":0.0,"type":1},{"x":260.3498594110759,"y":319.40482752139314,"heading":9.97252962470316E-16,"type":0}]}