{"waypoints":[{"x":118.10993622063444,"y":315.59482957879203,"heading":1.5707963267948968,"type":0},{"x":160.01991358924664,"y":351.1548103764024,"heading":0.0,"type":1},{"x":169.54490844574943,"y":26.03498594110759,"heading":0.0,"type":1},{"x":88.26495233692573,"y":59.6899677674174,"heading":1.5707963267948968,"type":0}]}