{"waypoints":[{"x":87.62995267982555,"y":60.32496742451759,"heading":0.0,"type":0},{"x":88.26495233692573,"y":322.57982580689406,"heading":0.0,"type":1},{"x":87.62995267982555,"y":60.95996708161777,"heading":0.0,"type":1},{"x":88.26495233692573,"y":322.57982580689406,"heading":0.0,"type":0}]}