{"waypoints":[{"x":86.99495302272537,"y":264.159857353677,"heading":0.0,"type":0},{"x":86.99495302272537,"y":322.57982580689406,"heading":0.0,"type":1},{"x":87.62995267982555,"y":323.8498251210944,"heading":0.0,"type":1},{"x":87.62995267982555,"y":322.57982580689406,"heading":0.0,"type":0}]}