{"waypoints":[{"x":86.99495302272537,"y":58.41996845321703,"heading":1.5707963267948968,"type":0},{"x":91.43995062242666,"y":30.479983540808885,"heading":0.0,"type":1},{"x":68.57996296681999,"y":332.739820320497,"heading":0.0,"type":1},{"x":118.10993622063444,"y":315.59482957879203,"heading":1.5707963267948968,"type":0}]}