{"waypoints":[{"x":24.76498662690722,"y":265.4298566678774,"heading":0.0,"type":0},{"x":53.339971196415554,"y":245.74486729777163,"heading":0.0,"type":1},{"x":118.74493587773462,"y":342.89981483409997,"heading":0.0,"type":1},{"x":86.35995336562517,"y":62.86496605291833,"heading":0.0,"type":0}]}