{"waypoints":[{"x":88.26495233692573,"y":147.31992044724294,"heading":1.5707963267948968,"type":0},{"x":86.99495302272537,"y":58.41996845321703,"heading":0.0,"type":1},{"x":86.35995336562517,"y":146.04992113304257,"heading":0.0,"type":1},{"x":88.26495233692573,"y":58.41996845321703,"heading":1.5707963267948968,"type":0}]}