{"waypoints":[{"x":26.03498594110759,"y":264.7948570107772,"heading":0.0,"type":0},{"x":248.91986558327258,"y":333.3748199775972,"heading":0.0,"type":1},{"x":173.98990604545074,"y":135.25492696233943,"heading":0.0,"type":1},{"x":137.15992593363998,"y":64.76996502421888,"heading":0.0,"type":0}]}