{"waypoints":[{"x":85.08995405142481,"y":87.62995267982555,"heading":0.0,"type":0},{"x":90.80495096532647,"y":92.70994993662703,"heading":0.0,"type":1},{"x":71.11996159522073,"y":71.11996159522073,"heading":0.0,"type":1},{"x":67.94496330971981,"y":56.514969481916474,"heading":0.0,"type":0}]}