{"waypoints":[{"x":85.08995405142481,"y":87.62995267982555,"heading":0.0,"type":0},{"x":90.80495096532647,"y":92.70994993662703,"heading":0.0,"type":1},{"x":84.45495439432462,"y":71.11996159522073,"heading":0.0,"type":1},{"x":88.89995199402591,"y":55.87996982481629,"heading":0.0,"type":0}]}