{"waypoints":[{"x":23.49498731270685,"y":265.4298566678774,"heading":1.6718652606120006E-15,"type":0},{"x":32.38498251210944,"y":265.4298566678774,"heading":0.0,"type":1},{"x":74.92995953782184,"y":265.4298566678774,"heading":0.0,"type":1},{"x":90.80495096532647,"y":264.7948570107772,"heading":0.0,"type":0}]}