{"waypoints":[{"x":90.80495096532647,"y":144.7799218188422,"heading":0.0,"type":0},{"x":60.95996708161777,"y":141.6049235333413,"heading":0.0,"type":1},{"x":37.46497976891092,"y":162.5599122176474,"heading":0.0,"type":1},{"x":30.479983540808885,"y":37.46497976891092,"heading":0.0,"type":0}]}