{"waypoints":[{"x":85.08995405142481,"y":87.62995267982555,"heading":0.0,"type":0},{"x":90.80495096532647,"y":92.70994993662703,"heading":0.0,"type":1},{"x":104.13994376443036,"y":73.65996022362147,"heading":0.0,"type":1},{"x":103.50494410733018,"y":54.60997051061592,"heading":0.0,"type":0}]}