{"waypoints":[{"x":89.53495165112611,"y":146.04992113304257,"heading":0.0,"type":0},{"x":90.16995130822629,"y":132.7149283339387,"heading":0.0,"type":1},{"x":83.81995473722444,"y":119.3799355348348,"heading":0.0,"type":1},{"x":85.08995405142481,"y":87.62995267982555,"heading":0.0,"type":0}]}