{"waypoints":[{"x":89.53495165112611,"y":146.04992113304257,"heading":0.0,"type":0},{"x":36.829980111810734,"y":146.68492079014277,"heading":0.0,"type":1},{"x":17.144990741704998,"y":94.61494890792758,"heading":0.0,"type":1},{"x":85.08995405142481,"y":87.62995267982555,"heading":0.0,"type":0}]}